Time,Maximum Price,Minimum Price,Average Price,Total Qty,Total quoteQty,Price Difference,Price Variation,Group Qty,Group quoteQty
00:15,0.000010340,0.000010320,0.000010326,9384028,96.931182861,-0.000000005,-0.045%,278530642,2873.8875
00:16,0.000010340,0.000010320,0.000010332,13047689,134.740585327,0.000000018,+0.17%,226885054,2340.5886
00:17,0.000010330,0.000010320,0.000010321,10472855,108.083251953,0.000000008,+0.073%,207543346,2141.3167
00:18,0.000010340,0.000010300,0.000010319,61288945,632.400695801,-0.000000003,-0.024%,202156283,2085.8647
00:19,0.000010330,0.000010320,0.000010322,6582152,67.942268372,0.000000012,+0.121%,222691166,2297.6304
00:20,0.000010340,0.000010320,0.000010331,11163426,115.395698547,0.000000026,+0.251%,222770412,2298.5457
00:21,0.000010350,0.000010330,0.000010340,29625858,306.253845215,0.000000033,+0.317%,228711771,2360.134
00:22,0.000010350,0.000010340,0.000010342,10307781,106.583381653,0.000000035,+0.338%,253391893,2615.4292
00:23,0.000010340,0.000010330,0.000010335,2471356,25.539709091,0.000000025,+0.238%,247149434,2551.4714
00:24,0.000010340,0.000010330,0.000010338,1370999,14.166973114,0.000000033,+0.318%,241948465,2497.8691
00:25,0.000010340,0.000010330,0.000010337,3232502,33.413467407,0.000000028,+0.274%,241366196,2491.9082
00:26,0.000010350,0.000010330,0.000010339,56988715,589.191162109,0.000000029,+0.279%,236695105,2443.8425
00:27,0.000010350,0.000010340,0.000010343,4574654,47.316570282,0.000000026,+0.256%,292660220,3022.4805
00:28,0.000010350,0.000010340,0.000010349,7948563,82.261833191,0.000000030,+0.295%,294209520,3038.5872
00:29,0.000010350,0.000010340,0.000010348,14279871,147.778930664,0.000000030,+0.291%,266698824,2754.9065
00:30,0.000010360,0.000010340,0.000010352,3666619,37.956993103,0.000000026,+0.252%,242739394,2507.9995
00:31,0.000010370,0.000010350,0.000010362,17128811,177.448974609,0.000000030,+0.287%,237021985,2449.0254
00:32,0.000010360,0.000010350,0.000010353,6386288,66.107185364,0.000000032,+0.308%,241103107,2491.7336
00:33,0.000010370,0.000010350,0.000010366,19788101,205.111953735,0.000000046,+0.448%,237016540,2449.7576
00:34,0.000010360,0.000010360,0.000010360,10450881,108.271125793,0.000000038,+0.363%,195515696,2022.4689
00:35,0.000010360,0.000010350,0.000010359,6075152,62.938117981,0.000000027,+0.264%,199384425,2062.7979
00:36,0.000010370,0.000010350,0.000010359,16424276,170.156173706,0.000000019,+0.188%,194296151,2010.3401
00:37,0.000010380,0.000010350,0.000010364,46012581,476.927337646,0.000000021,+0.205%,181094569,1874.2426
00:38,0.000010380,0.000010360,0.000010372,26577786,275.583526611,0.000000037,+0.36%,216799369,2244.5864
00:39,0.000010370,0.000010360,0.000010369,9189916,95.298553467,0.000000031,+0.299%,240905799,2494.6301
00:40,0.000010380,0.000010370,0.000010373,5360555,55.589179993,0.000000036,+0.347%,248724716,2575.7617
00:41,0.000010360,0.000010350,0.000010354,9672281,100.172691345,0.000000016,+0.152%,250852769,2597.9375
00:42,0.000010350,0.000010340,0.000010347,5484120,56.741996765,0.000000004,+0.042%,203536335,2108.9192
00:43,0.000010360,0.000010350,0.000010352,2238804,23.174789429,0.000000003,+0.024%,204445801,2118.3445
00:44,0.000010350,0.000010340,0.000010345,4072809,42.119068146,-0.000000003,-0.031%,198736042,2059.2576
00:45,0.000010360,0.000010350,0.000010351,4105491,42.497062683,-0.000000001,-0.011%,188528980,1953.5977
00:46,0.000010360,0.000010360,0.000010360,5097141,52.806377411,-0.000000002,-0.018%,188967852,1958.1378
00:47,0.000010360,0.000010360,0.000010360,60760,0.629473567,0.000000007,+0.067%,176936182,1833.4952
00:48,0.000010370,0.000010360,0.000010369,41271205,427.977844238,0.000000003,+0.028%,170610654,1768.0175
00:49,0.000010380,0.000010360,0.000010378,12295713,127.535812378,0.000000018,+0.174%,192093758,1990.8833
00:50,0.000010380,0.000010360,0.000010370,6625580,68.730247498,0.000000011,+0.11%,193938590,2010.1481
00:51,0.000010370,0.000010360,0.000010363,1401317,14.526764870,0.000000004,+0.037%,194489018,2015.9401
00:52,0.000010370,0.000010360,0.000010368,3799046,39.387561798,0.000000004,+0.037%,179466059,1860.3105
00:53,0.000010370,0.000010370,0.000010370,3092566,32.069908142,-0.000000002,-0.017%,137252524,1422.7709
00:54,0.000010380,0.000010370,0.000010372,2238743,23.216667175,0.000000002,+0.022%,113767304,1179.2573
00:55,0.000010380,0.000010370,0.000010378,9738669,101.084106445,0.000000005,+0.045%,106816131,1107.1755
00:56,0.000010380,0.000010380,0.000010380,527272,5.473083019,0.000000026,+0.246%,111194245,1152.6704
00:57,0.000010390,0.000010380,0.000010388,5499657,57.122024536,0.000000041,+0.395%,102049236,1057.9707
00:58,0.000010380,0.000010370,0.000010375,4411008,45.749351501,0.000000023,+0.222%,102064773,1058.3508
00:59,0.000010380,0.000010370,0.000010375,5372767,55.742630005,0.000000030,+0.29%,104236977,1080.9254
01:00,0.000010390,0.000010370,0.000010380,4890928,50.759540558,0.000000029,+0.278%,105536935,1094.549
01:01,0.000010390,0.000010380,0.000010387,7098020,73.718521118,0.000000027,+0.261%,106322372,1102.8114
01:02,0.000010390,0.000010370,0.000010377,14017140,145.440277100,0.000000017,+0.16%,108323251,1123.7235
01:03,0.000010390,0.000010370,0.000010383,1575239,16.352397919,0.000000015,+0.143%,122279631,1268.5343
01:04,0.000010390,0.000010370,0.000010379,7783126,80.799453735,0.000000001,+0.006%,82583665,856.9088
01:05,0.000010390,0.000010380,0.000010382,2327965,24.164827347,0.000000012,+0.116%,78071078,810.1726
01:06,0.000010390,0.000010380,0.000010386,6264945,65.072151184,0.000000023,+0.221%,73773463,765.6071
01:07,0.000010390,0.000010380,0.000010387,2356281,24.475254059,,+nan%,,
01:08,0.000010400,0.000010380,0.000010395,12728402,132.230041504,,+nan%,,
01:09,0.000010400,0.000010380,0.000010393,3564686,37.051429749,,+nan%,,
01:10,0.000010400,0.000010390,0.000010397,4095600,42.592586517,,+nan%,,
01:11,0.000010390,0.000010390,0.000010390,4876190,50.663612366,,+nan%,,
01:12,0.000010390,0.000010390,0.000010390,2719046,28.250888824,,+nan%,,
01:13,0.000010400,0.000010380,0.000010390,6364314,66.138450623,,+nan%,,
01:15,0.000010400,0.000010390,0.000010393,10156542,105.533096313,,+nan%,,
01:16,0.000010400,0.000010380,0.000010394,2686398,27.923080444,,+nan%,,
01:17,0.000010400,0.000010370,0.000010378,72380961,751.141479492,,+nan%,,
01:18,0.000010390,0.000010380,0.000010389,16685227,173.347839355,,+nan%,,
01:19,0.000010390,0.000010380,0.000010389,4625182,48.052947998,,+nan%,,
01:20,0.000010400,0.000010380,0.000010392,7987304,82.998420715,,+nan%,,
01:21,0.000010390,0.000010380,0.000010388,913239,9.488368034,,+nan%,,
01:22,0.000010390,0.000010370,0.000010379,7158746,74.286453247,,+nan%,,
01:23,0.000010380,0.000010350,0.000010358,45742484,473.912414551,-0.000000029,-0.278%,159298118,1654.1742
01:24,0.000010360,0.000010340,0.000010346,41025384,424.310913086,-0.000000049,-0.472%,202684321,2103.6113
01:25,0.000010360,0.000010320,0.000010331,61484686,635.707580566,-0.000000062,-0.597%,230981303,2395.692
01:26,0.000010360,0.000010360,0.000010360,9343349,96.797096252,-0.000000037,-0.357%,288901303,2994.3481
01:27,0.000010360,0.000010360,0.000010360,1151971,11.934419632,-0.000000030,-0.289%,294149052,3048.5525
01:28,0.000010380,0.000010370,0.000010374,2705559,28.058889389,-0.000000016,-0.156%,290424833,3009.8232
01:29,0.000010380,0.000010370,0.000010373,1227370,12.728414536,-0.000000017,-0.16%,290411346,3009.631
01:30,0.000010380,0.000010370,0.000010375,186921,1.938688278,-0.000000018,-0.176%,285274402,2956.2214
01:31,0.000010380,0.000010360,0.000010375,10764528,111.724822998,-0.000000020,-0.191%,275304781,2852.627
01:32,0.000010370,0.000010370,0.000010370,125962,1.306225896,-0.000000008,-0.079%,283382911,2936.4287
01:33,0.000010370,0.000010370,0.000010370,832026,8.628109932,-0.000000019,-0.18%,211127912,2186.5938
01:34,0.000010380,0.000010380,0.000010380,4473111,46.430892944,-0.000000009,-0.087%,195274711,2021.8738
01:35,0.000010380,0.000010370,0.000010371,10513430,109.026855469,-0.000000021,-0.204%,195122640,2020.2518
01:36,0.000010370,0.000010350,0.000010360,37858565,392.427124023,-0.000000028,-0.274%,197648766,2046.2802
01:37,0.000010360,0.000010340,0.000010348,12140819,125.642944336,-0.000000031,-0.298%,234594092,2429.219
01:38,0.000010360,0.000010350,0.000010357,5238688,54.260189056,-0.000000001,-0.008%,239576165,2480.5757
01:39,0.000010360,0.000010360,0.000010360,1709834,17.713880539,0.000000014,+0.136%,199072369,2060.9233
01:40,0.000010360,0.000010350,0.000010357,1966244,20.369588852,0.000000025,+0.245%,159756819,1654.326
01:41,0.000010370,0.000010350,0.000010358,3499970,36.241596222,-0.000000002,-0.016%,100238377,1038.9882
01:42,0.000010360,0.000010360,0.000010360,701863,7.271300793,0.000000000,+0.0%,94394998,978.4326
01:43,0.000010370,0.000010370,0.000010370,1909152,19.797906876,-0.000000004,-0.037%,93944890,973.7695
01:44,0.000010370,0.000010370,0.000010370,2606914,27.033699036,-0.000000003,-0.032%,93148483,965.50854
01:45,0.000010380,0.000010380,0.000010380,32680571,339.224334717,0.000000005,+0.048%,94528027,979.8138
01:46,0.000010380,0.000010370,0.000010373,4476334,46.420188904,-0.000000002,-0.02%,127021677,1317.0994
01:47,0.000010370,0.000010370,0.000010370,374871,3.887412310,0.000000000,+0.0%,120733483,1251.7948
01:48,0.000010370,0.000010360,0.000010364,6503527,67.401268005,-0.000000006,-0.06%,120982392,1254.3761
01:49,0.000010370,0.000010350,0.000010353,12493630,129.318328857,-0.000000027,-0.259%,126653893,1313.1492
01:50,0.000010360,0.000010350,0.000010355,4400050,45.551799774,-0.000000016,-0.157%,134674412,1396.0366
01:51,0.000010370,0.000010350,0.000010360,36640175,379.594024658,0.000000000,+0.005%,128561032,1332.5615
01:52,0.000010360,0.000010360,0.000010360,70179,0.727054417,0.000000012,+0.119%,127342642,1319.7284
01:54,0.000010360,0.000010360,0.000010360,1660199,17.199661255,0.000000003,+0.03%,115272002,1194.8125
01:55,0.000010360,0.000010350,0.000010352,8981949,92.973129272,-0.000000008,-0.075%,111693513,1157.7521
01:56,0.000010350,0.000010350,0.000010350,847236,8.768892288,-0.000000007,-0.064%,118965628,1233.0114
01:57,0.000010360,0.000010360,0.000010360,772468,8.002768517,0.000000002,+0.016%,117846620,1221.4108
01:58,0.000010370,0.000010350,0.000010359,5230531,54.160537720,-0.000000001,-0.006%,115119118,1193.1719
01:59,0.000010370,0.000010370,0.000010370,47838,0.496080041,0.000000000,+0.0%,119647786,1240.0612
02:00,0.000010370,0.000010360,0.000010364,499709,5.180314541,-0.000000006,-0.058%,117786472,1220.7593
02:01,0.000010370,0.000010350,0.000010362,2217218,22.973499298,-0.000000018,-0.171%,115679267,1198.9059
02:02,0.000010360,0.000010360,0.000010360,135118,1.399822474,-0.000000013,-0.121%,85215914,882.65497
02:03,0.000010360,0.000010360,0.000010360,12400,0.128463998,-0.000000010,-0.096%,80874698,837.63464
02:04,0.000010360,0.000010350,0.000010353,3495373,36.180233002,-0.000000010,-0.101%,80512227,833.8757
02:05,0.000010350,0.000010340,0.000010349,4506554,46.642227173,-0.000000005,-0.044%,77504073,802.65466
02:06,0.000010360,0.000010350,0.000010353,11215869,116.191650391,-0.000000002,-0.016%,69516997,719.9786
02:07,0.000010360,0.000010360,0.000010360,459697,4.762460709,0.000000000,+0.0%,76332816,790.61835
02:08,0.000010370,0.000010360,0.000010361,5832103,60.432052612,0.000000001,+0.008%,40152338,415.78677
02:09,0.000010360,0.000010350,0.000010357,519067,5.376657486,-0.000000003,-0.032%,45914262,475.49182
02:10,0.000010370,0.000010360,0.000010362,1309537,13.568749428,0.000000010,+0.094%,44773130,463.66876
02:11,0.000010370,0.000010360,0.000010367,897111,9.301069260,0.000000017,+0.166%,37100718,384.26437
02:12,0.000010370,0.000010360,0.000010369,5215438,54.083374023,0.000000009,+0.091%,37150593,384.79657
02:13,0.000010370,0.000010360,0.000010368,646176,6.697665215,0.000000009,+0.084%,41593563,430.8772
02:14,0.000010370,0.000010370,0.000010370,1535518,15.923321724,0.000000000,+0.0%,37009208,383.4143
02:15,0.000010370,0.000010340,0.000010352,37938132,392.628387451,-0.000000012,-0.12%,38496888,398.84155
02:16,0.000010360,0.000010340,0.000010354,6610195,68.430389404,-0.000000009,-0.084%,75935311,786.28955
02:17,0.000010360,0.000010340,0.000010354,7041051,72.887313843,-0.000000006,-0.057%,80328288,831.7466
02:18,0.000010360,0.000010340,0.000010350,17438006,180.448455811,-0.000000010,-0.096%,87234221,903.234
02:19,0.000010360,0.000010350,0.000010357,3874257,40.128669739,0.000000004,+0.037%,104659827,1083.5541
02:20,0.000010360,0.000010350,0.000010359,1580830,16.376823425,0.000000010,+0.097%,105038711,1087.5024
02:21,0.000010370,0.000010360,0.000010362,8388086,86.919639587,0.000000008,+0.079%,102112987,1057.237
02:22,0.000010370,0.000010360,0.000010368,796638,8.260391235,0.000000008,+0.072%,99285204,1027.9651
02:23,0.000010380,0.000010360,0.000010370,672038,6.965528488,0.000000013,+0.129%,93790042,971.0308
02:24,0.000010380,0.000010360,0.000010370,6213185,64.420898438,0.000000008,+0.077%,93943013,972.61975
02:25,0.000010370,0.000010360,0.000010362,1512192,15.671178818,-0.000000005,-0.045%,98846661,1023.47186
02:26,0.000010370,0.000010360,0.000010364,442686,4.587853909,-0.000000005,-0.052%,99461742,1029.8419
02:27,0.000010370,0.000010360,0.000010361,6531415,67.665946960,-0.000000007,-0.064%,94688990,980.34644
02:28,0.000010370,0.000010360,0.000010368,364140,3.775963783,-0.000000002,-0.019%,100574229,1041.3147
02:29,0.000010360,0.000010360,0.000010360,6330161,65.580467224,0.000000008,+0.081%,99402851,1029.1675
02:30,0.000010370,0.000010360,0.000010362,4949641,51.278366089,0.000000008,+0.082%,67794880,702.1195
02:31,0.000010360,0.000010350,0.000010357,3916761,40.569633484,0.000000003,+0.025%,66134326,684.96747
02:32,0.000010370,0.000010360,0.000010365,715781,7.416579247,0.000000015,+0.145%,63010036,652.64984
02:33,0.000010370,0.000010360,0.000010369,1119252,11.604438782,0.000000011,+0.111%,46287811,479.61792
02:34,0.000010370,0.000010350,0.000010362,427852,4.433570385,0.000000003,+0.033%,43532806,451.09375
02:35,0.000010370,0.000010360,0.000010366,696187,7.214702129,0.000000004,+0.04%,42379828,439.15042
02:36,0.000010360,0.000010350,0.000010355,1529137,15.834759712,-0.000000013,-0.121%,34687929,359.4455
02:37,0.000010360,0.000010360,0.000010360,531400,5.505304337,,+nan%,,
02:38,0.000010380,0.000010370,0.000010373,3801605,39.423290253,0.000000003,+0.026%,35951828,372.52518
02:39,0.000010380,0.000010380,0.000010380,16930,0.175733402,0.000000010,+0.096%,39081395,404.9829
02:40,0.000010380,0.000010370,0.000010378,263102,2.729102373,0.000000015,+0.145%,32885140,340.73773
02:41,0.000010380,0.000010360,0.000010368,3528828,36.592754364,0.000000004,+0.042%,31636050,327.79565
02:42,0.000010390,0.000010380,0.000010385,29568816,306.995117188,0.000000023,+0.225%,34722192,359.80057
02:43,0.000010390,0.000010390,0.000010390,1371378,14.248617172,0.000000022,+0.212%,57759593,599.12976
02:44,0.000010390,0.000010370,0.000010385,2571721,26.714090347,0.000000025,+0.245%,58766831,609.6024
02:45,0.000010390,0.000010380,0.000010389,1576780,16.382266998,0.000000027,+0.263%,55008391,570.7361
02:46,0.000010400,0.000010390,0.000010393,2235517,23.234027863,0.000000037,+0.354%,51635530,535.83997
02:47,0.000010400,0.000010380,0.000010395,3964581,41.206657410,0.000000030,+0.293%,49954286,518.50433
02:48,0.000010400,0.000010390,0.000010400,6353760,66.068756104,0.000000031,+0.299%,53203086,552.29443
02:49,0.000010400,0.000010380,0.000010388,2116652,21.983325958,0.000000026,+0.252%,58437594,606.7588
02:50,0.000010400,0.000010390,0.000010398,1288293,13.397711754,0.000000032,+0.313%,60126394,624.30853
02:51,0.000010400,0.000010390,0.000010398,2428855,25.253538132,0.000000043,+0.415%,60718500,630.4915
02:52,0.000010400,0.000010400,0.000010400,11862648,123.371536255,0.000000040,+0.386%,61618218,639.91034
02:53,0.000010420,0.000010390,0.000010412,15029490,156.435607910,0.000000039,+0.38%,72949466,757.77655
02:54,0.000010400,0.000010390,0.000010399,2179872,22.667619705,0.000000019,+0.183%,84177351,874.7889
02:55,0.000010420,0.000010390,0.000010411,3201491,33.333576202,0.000000033,+0.318%,86340293,897.2807
02:56,0.000010410,0.000010410,0.000010410,517097,5.382979870,0.000000042,+0.402%,89278682,927.88513
02:57,0.000010410,0.000010400,0.000010409,2152702,22.395662308,0.000000024,+0.23%,86266951,896.6754
02:58,0.000010410,0.000010400,0.000010405,3717939,38.697437286,0.000000015,+0.144%,58850837,612.076
02:59,0.000010410,0.000010400,0.000010403,666009,6.926907063,0.000000017,+0.164%,61197398,636.5248
03:00,0.000010410,0.000010400,0.000010407,89820,0.934960186,0.000000018,+0.175%,59291686,616.7377
03:01,0.000010410,0.000010400,0.000010405,728827,7.582171917,0.000000010,+0.092%,55569209,578.0563
03:02,0.000010410,0.000010410,0.000010410,1406663,14.643362045,0.000000010,+0.1%,52333455,544.4317
03:03,0.000010410,0.000010400,0.000010405,397353,4.134768963,0.000000017,+0.163%,47386358,493.00644
03:04,0.000010410,0.000010400,0.000010402,2322564,24.156938553,0.000000004,+0.041%,45667059,475.15787
03:05,0.000010400,0.000010400,0.000010400,1036521,10.779818535,0.000000002,+0.019%,46701330,485.9171
03:06,0.000010400,0.000010400,0.000010400,1904185,19.803524017,0.000000000,+0.0%,45308996,471.44336
03:07,0.000010420,0.000010400,0.000010409,4303698,44.802589417,-0.000000003,-0.03%,35350533,367.87537
03:08,0.000010410,0.000010410,0.000010410,1190163,12.389596939,0.000000011,+0.106%,24624741,256.2423
03:09,0.000010410,0.000010410,0.000010410,81795,0.851485968,-0.000000001,-0.005%,23635032,245.96431
03:10,0.000010470,0.000010400,0.000010442,35085346,366.152404785,0.000000032,+0.309%,20515336,213.48221
03:11,0.000010480,0.000010450,0.000010468,13748327,143.910263062,0.000000059,+0.569%,55083585,574.25165
03:12,0.000010470,0.000010460,0.000010468,20295748,212.455871582,0.000000063,+0.603%,66679210,695.76624
03:13,0.000010480,0.000010470,0.000010476,6079476,63.700447083,0.000000074,+0.711%,83257019,869.5247
03:14,0.000010490,0.000010440,0.000010464,24412225,255.491271973,0.000000056,+0.54%,88670486,926.2982
03:15,0.000010460,0.000010440,0.000010452,1497488,15.650997162,,+nan%,,
03:16,0.000010460,0.000010440,0.000010457,4773545,49.906829834,0.000000052,+0.5%,114490379,1196.5055
03:17,0.000010480,0.000010450,0.000010472,21232379,222.306793213,0.000000062,+0.591%,118535097,1238.8302
03:18,0.000010490,0.000010470,0.000010486,19825612,207.900177002,0.000000081,+0.778%,138360813,1446.4935
03:19,0.000010500,0.000010460,0.000010477,49158889,515.402221680,0.000000075,+0.717%,157789072,1650.2589
03:20,0.000010490,0.000010460,0.000010478,27117583,284.060028076,0.000000078,+0.753%,204625397,2141.5042
03:21,0.000010480,0.000010460,0.000010465,11939937,124.948989868,0.000000065,+0.629%,230706459,2414.7844
03:22,0.000010480,0.000010460,0.000010465,10626019,111.207481384,0.000000056,+0.537%,240742211,2519.93
03:23,0.000010470,0.000010450,0.000010457,2323763,24.304025650,0.000000047,+0.455%,247064532,2586.3347
03:24,0.000010470,0.000010450,0.000010455,13640778,142.609909058,0.000000045,+0.429%,248198132,2598.249
03:25,0.000010450,0.000010450,0.000010450,610203,6.376621246,0.000000008,+0.075%,261757115,2740.0078
03:26,0.000010460,0.000010450,0.000010457,857704,8.968380928,-0.000000011,-0.102%,227281972,2380.232
03:27,0.000010450,0.000010420,0.000010434,32922410,343.502349854,-0.000000034,-0.326%,214391349,2245.2898
03:28,0.000010440,0.000010430,0.000010437,2382490,24.872964859,-0.000000039,-0.372%,227018011,2376.3364
03:29,0.000010440,0.000010420,0.000010430,16557842,172.642379761,-0.000000033,-0.317%,223321025,2337.509
03:30,0.000010440,0.000010420,0.000010433,2211573,23.073308945,-0.000000019,-0.182%,215466642,2254.6602
03:31,0.000010440,0.000010420,0.000010439,18171092,189.668060303,-0.000000018,-0.176%,216180727,2262.0823
03:32,0.000010450,0.000010430,0.000010440,6575154,68.646377563,-0.000000032,-0.301%,229578274,2401.8435
03:33,0.000010440,0.000010440,0.000010440,1923890,20.085411072,-0.000000046,-0.438%,214921049,2248.1833
03:34,0.000010450,0.000010440,0.000010441,4772472,49.838401794,-0.000000036,-0.346%,197019327,2060.3684
03:35,0.000010450,0.000010450,0.000010450,8942344,93.447494507,-0.000000028,-0.27%,152632910,1594.8047
03:36,0.000010450,0.000010450,0.000010450,4793820,50.095420837,-0.000000015,-0.147%,134457671,1404.1921
03:37,0.000010450,0.000010440,0.000010449,2770735,28.954074860,-0.000000016,-0.153%,127311554,1329.3386
03:38,0.000010460,0.000010450,0.000010453,2518196,26.329353333,-0.000000004,-0.038%,119456270,1247.0853
03:39,0.000010460,0.000010450,0.000010455,67255,0.703384340,0.000000000,+0.003%,119650703,1249.1106
03:40,0.000010460,0.000010450,0.000010455,4305114,45.010139465,0.000000005,+0.043%,106077180,1107.204
03:41,0.000010460,0.000010450,0.000010456,13530484,141.520538330,-0.000000001,-0.012%,109772091,1145.8375
03:42,0.000010480,0.000010470,0.000010471,3314520,34.703968048,0.000000037,+0.358%,122444871,1278.3896
03:43,0.000010470,0.000010420,0.000010446,55820711,583.587280273,0.000000008,+0.078%,92836981,969.5913
03:44,0.000010440,0.000010430,0.000010437,6034697,62.975574493,0.000000007,+0.066%,146275202,1528.3057
03:45,0.000010440,0.000010440,0.000010440,6161883,64.330055237,0.000000007,+0.064%,135752057,1418.6388
03:46,0.000010440,0.000010430,0.000010437,401388,4.189429283,-0.000000001,-0.01%,139702367,1459.8956
03:47,0.000010440,0.000010430,0.000010435,2891555,30.177474976,-0.000000005,-0.048%,121932663,1274.417
03:48,0.000010440,0.000010430,0.000010435,1141160,11.909160614,-0.000000005,-0.048%,118249064,1235.9481
03:49,0.000010440,0.000010440,0.000010440,2289832,23.905845642,-0.000000001,-0.007%,117466334,1227.7719
03:50,0.000010430,0.000010430,0.000010430,1315000,13.715450287,-0.000000020,-0.191%,114983694,1201.8392
03:51,0.000010440,0.000010440,0.000010440,251175,2.622267008,-0.000000010,-0.096%,107356350,1122.1072
03:52,0.000010430,0.000010430,0.000010430,4738018,49.417526245,-0.000000019,-0.182%,102813705,1074.6342
03:53,0.000010430,0.000010430,0.000010430,431064,4.495997429,-0.000000023,-0.223%,104780988,1095.0975
03:54,0.000010420,0.000010410,0.000010416,6532767,68.060127258,-0.000000039,-0.369%,102693856,1073.264
03:55,0.000010420,0.000010420,0.000010420,2088160,21.758626938,-0.000000035,-0.33%,109159368,1140.6208
03:56,0.000010420,0.000010410,0.000010415,1514862,15.779910088,-0.000000041,-0.389%,106942414,1117.3694
03:57,0.000010420,0.000010400,0.000010403,670593,6.977411270,-0.000000068,-0.649%,94926792,991.62866
03:58,0.000010420,0.000010410,0.000010414,1697688,17.676233292,-0.000000032,-0.306%,92282865,963.9021
03:59,0.000010420,0.000010410,0.000010419,6522789,67.964523315,-0.000000018,-0.174%,38159842,397.99112
04:00,0.000010430,0.000010420,0.000010423,615609,6.415213108,-0.000000017,-0.167%,38647934,402.98004
04:01,0.000010430,0.000010410,0.000010425,16371362,170.729568481,-0.000000013,-0.12%,33101660,345.0652
04:02,0.000010420,0.000010410,0.000010415,181872,1.894995332,-0.000000020,-0.192%,49071634,511.60535
04:03,0.000010440,0.000010410,0.000010420,7919240,82.559249878,-0.000000015,-0.143%,46361951,483.32285
04:04,0.000010440,0.000010430,0.000010435,400704,4.179891586,-0.000000005,-0.048%,53140031,553.9729
04:05,0.000010440,0.000010430,0.000010436,3718402,38.810443878,0.000000006,+0.053%,51250903,534.24695
04:06,0.000010440,0.000010430,0.000010439,7111650,74.201744080,-0.000000001,-0.01%,53654305,559.3419
04:07,0.000010450,0.000010440,0.000010448,1513606,15.816319466,0.000000018,+0.171%,60514780,630.9214
04:08,0.000010440,0.000010440,0.000010440,737352,7.697955132,0.000000010,+0.096%,57290368,597.32025
04:09,0.000010440,0.000010440,0.000010440,73656,0.768968642,0.000000024,+0.227%,57596656,600.5222
04:10,0.000010440,0.000010430,0.000010437,1626327,16.976451874,0.000000017,+0.16%,51137545,533.2311
04:11,0.000010440,0.000010440,0.000010440,5312132,55.458660126,0.000000025,+0.24%,50675712,528.4489
04:12,0.000010440,0.000010440,0.000010440,5750145,60.031513214,0.000000037,+0.356%,54472982,568.1277
04:13,0.000010450,0.000010440,0.000010441,6682289,69.763603210,0.000000027,+0.262%,59552534,621.1817
04:14,0.000010440,0.000010440,0.000010440,117150,1.223045945,0.000000021,+0.2%,64537135,673.2691
04:15,0.000010440,0.000010430,0.000010431,1938716,20.220909119,0.000000009,+0.082%,58131496,606.5276
04:16,0.000010430,0.000010430,0.000010430,199300,2.078698874,0.000000005,+0.048%,59454603,620.33325
04:17,0.000010430,0.000010420,0.000010425,28697,0.299260229,0.000000010,+0.096%,43282541,451.6825
04:18,0.000010430,0.000010430,0.000010430,331769,3.460350752,0.000000010,+0.096%,43129366,450.08676
04:19,0.000010440,0.000010430,0.000010435,125200,1.305927753,-0.000000000,-0.0%,35541895,370.98785
04:20,0.000010440,0.000010430,0.000010432,693852,7.237122536,-0.000000003,-0.03%,35266391,368.1139
04:21,0.000010430,0.000010430,0.000010430,112286,1.171143055,-0.000000009,-0.086%,32241841,336.54056
04:22,0.000010440,0.000010440,0.000010440,2278408,23.786579132,-0.000000008,-0.075%,25242477,263.50995
04:23,0.000010440,0.000010440,0.000010440,488024,5.094970703,0.000000000,+0.0%,26007279,271.4802
04:24,0.000010440,0.000010430,0.000010432,86127,0.898881853,-0.000000008,-0.072%,25757951,268.8772
04:25,0.000010440,0.000010430,0.000010435,59000,0.615757227,-0.000000002,-0.016%,25770422,269.00714
04:26,0.000010470,0.000010440,0.000010458,13410946,140.230407715,0.000000018,+0.17%,24203095,252.64641
04:27,0.000010460,0.000010440,0.000010450,191147,1.996399283,0.000000010,+0.095%,32301909,337.41815
04:28,0.000010450,0.000010450,0.000010450,155659,1.626636624,0.000000009,+0.086%,26742911,279.38306
04:29,0.000010450,0.000010440,0.000010447,408816,4.271081924,0.000000007,+0.064%,20216281,211.24608
04:30,0.000010440,0.000010440,0.000010440,16286,0.170025840,0.000000009,+0.085%,20507947,214.29413
04:31,0.000010450,0.000010440,0.000010445,609979,6.372974873,0.000000015,+0.143%,18585517,194.24326
04:32,0.000010450,0.000010450,0.000010450,397513,4.154010773,0.000000025,+0.24%,18996196,198.53752
04:33,0.000010460,0.000010450,0.000010456,889100,9.293219566,0.000000026,+0.247%,19365012,202.39227
04:34,0.000010460,0.000010450,0.000010451,1602975,16.751880646,0.000000016,+0.152%,19922343,208.22513
04:35,0.000010450,0.000010440,0.000010445,100772,1.052933335,0.000000013,+0.12%,21400118,223.67107
04:37,0.000010450,0.000010440,0.000010441,663153,6.923441410,0.000000011,+0.105%,20807038,217.48688
04:38,0.000010440,0.000010430,0.000010435,180312,1.880803227,-0.000000005,-0.048%,21357905,223.2392
04:39,0.000010430,0.000010430,0.000010430,445671,4.648348331,-0.000000010,-0.096%,19259809,201.3334
04:40,0.000010430,0.000010420,0.000010421,412848,4.301916122,-0.000000011,-0.106%,19217456,200.88678
04:41,0.000010430,0.000010410,0.000010418,435603,4.536791801,-0.000000017,-0.164%,19544177,204.28981
04:42,0.000010430,0.000010410,0.000010419,1476139,15.377880096,-0.000000038,-0.368%,19920780,208.21086
04:43,0.000010430,0.000010420,0.000010426,196010,2.042641401,-0.000000024,-0.232%,7985973,83.35834
04:44,0.000010470,0.000010430,0.000010449,1943193,20.289613724,-0.000000001,-0.009%,7990836,83.40458
04:45,0.000010470,0.000010460,0.000010467,196480,2.056883574,0.000000020,+0.191%,9778370,102.06756
04:46,0.000010470,0.000010460,0.000010470,182406,1.909715772,0.000000030,+0.284%,9566034,99.85336
04:47,0.000010480,0.000010470,0.000010478,387877,4.064538479,0.000000033,+0.319%,9732154,101.593056
04:48,0.000010490,0.000010480,0.000010484,237954,2.494268417,0.000000034,+0.321%,9510052,99.284615
04:49,0.000010490,0.000010480,0.000010483,33080,0.346751213,0.000000027,+0.257%,9350493,97.62487
04:50,0.000010490,0.000010480,0.000010489,393239,4.125054836,0.000000038,+0.364%,8494473,88.678406
04:51,0.000010490,0.000010480,0.000010487,570053,5.978327751,0.000000042,+0.399%,7284737,76.051575
04:52,0.000010500,0.000010490,0.000010498,2517174,26.422939301,0.000000057,+0.547%,7754018,80.976974
04:53,0.000010500,0.000010500,0.000010500,921386,9.674552917,0.000000065,+0.623%,9608039,100.47647
04:54,0.000010500,0.000010500,0.000010500,856495,8.993197441,0.000000070,+0.671%,10349113,108.270226
04:55,0.000010520,0.000010490,0.000010505,17088950,179.436233521,0.000000083,+0.798%,10759937,112.615074
04:56,0.000010600,0.000010520,0.000010571,18853542,199.323455811,0.000000153,+1.473%,27436039,287.7494
04:57,0.000010620,0.000010580,0.000010601,11159339,118.309181213,0.000000182,+1.748%,45853978,482.53604
04:58,0.000010610,0.000010580,0.000010598,27004405,286.230072021,0.000000172,+1.652%,55537178,585.46735
04:59,0.000010600,0.000010590,0.000010598,3019910,32.009300232,0.000000149,+1.425%,82345573,869.6548
05:00,0.000010630,0.000010600,0.000010614,7372328,78.212348938,0.000000147,+1.403%,83422290,881.3745
05:01,0.000010630,0.000010610,0.000010624,2811232,29.872623444,0.000000155,+1.478%,90598138,957.52997
05:02,0.000010640,0.000010620,0.000010631,5901579,62.734401703,0.000000153,+1.456%,93226964,985.4928
05:03,0.000010630,0.000010620,0.000010627,9137601,97.103553772,0.000000144,+1.371%,98740666,1044.1626
05:04,0.000010640,0.000010620,0.000010635,22712209,241.449966431,0.000000153,+1.457%,107640313,1138.772
05:05,0.000010640,0.000010620,0.000010628,9856999,104.781585693,0.000000140,+1.331%,130319442,1379.8751
05:06,0.000010640,0.000010600,0.000010612,15021557,159.457641602,0.000000126,+1.198%,139783202,1480.5317
05:07,0.000010630,0.000010590,0.000010605,22465545,238.307083130,0.000000107,+1.021%,154234706,1634.011
05:08,0.000010600,0.000010570,0.000010585,13489446,142.781356812,0.000000085,+0.814%,174183077,1845.8953
05:09,0.000010600,0.000010580,0.000010595,4528687,47.992145538,0.000000095,+0.905%,186751137,1979.0021
05:10,0.000010600,0.000010580,0.000010598,20004866,211.907348633,0.000000093,+0.889%,190423329,2018.0011
05:11,0.000010610,0.000010590,0.000010600,10981086,116.385055542,0.000000029,+0.272%,193339245,2050.4722
05:12,0.000010610,0.000010590,0.000010600,8013554,84.945388794,-0.000000001,-0.012%,185466789,1967.5337
05:13,0.000010620,0.000010600,0.000010607,4547632,48.236873627,0.000000009,+0.08%,182321004,1934.17
05:14,0.000010620,0.000010610,0.000010619,2540512,26.959238052,0.000000021,+0.194%,159864231,1696.1766
05:15,0.000010620,0.000010600,0.000010609,5901811,62.619319916,-0.000000005,-0.042%,159384833,1691.1266
05:16,0.000010610,0.000010600,0.000010606,4073731,43.207729340,-0.000000018,-0.17%,157914316,1675.5334
05:17,0.000010610,0.000010590,0.000010605,4690601,49.747791290,-0.000000026,-0.245%,159176815,1688.8685
05:18,0.000010610,0.000010610,0.000010610,1373981,14.577938080,-0.000000017,-0.163%,157965837,1675.882
05:19,0.000010610,0.000010600,0.000010605,2966158,31.444742203,-0.000000030,-0.286%,150202217,1593.3564
05:20,0.000010620,0.000010610,0.000010610,17163110,182.100723267,-0.000000018,-0.17%,130456166,1383.3511
05:21,0.000010620,0.000010610,0.000010616,2415955,25.650129318,0.000000003,+0.03%,137762277,1460.6703
05:22,0.000010620,0.000010600,0.000010604,6587238,69.867248535,-0.000000001,-0.013%,125156675,1326.8627
05:23,0.000010610,0.000010580,0.000010595,10613226,112.425712585,0.000000009,+0.09%,109278368,1158.4231
05:24,0.000010610,0.000010590,0.000010601,2872023,30.446680069,0.000000006,+0.053%,106402148,1128.0674
05:25,0.000010600,0.000010590,0.000010599,7261368,76.938468933,0.000000001,+0.007%,104745484,1110.522
05:26,0.000010610,0.000010600,0.000010605,2541643,26.946018219,0.000000005,+0.051%,92001986,975.55304
05:27,0.000010610,0.000010600,0.000010605,13000,0.137865007,0.000000005,+0.045%,83562543,886.1141
05:28,0.000010640,0.000010600,0.000010618,13799190,146.537551880,0.000000012,+0.109%,75561989,801.3065
05:29,0.000010610,0.000010600,0.000010609,2417896,25.653636932,-0.000000009,-0.089%,84813547,899.6072
05:30,0.000010620,0.000010610,0.000010614,954879,10.134615898,0.000000005,+0.047%,84690931,898.3016
05:31,0.000010630,0.000010620,0.000010621,944694,10.033233643,0.000000015,+0.142%,79743999,845.8169
05:32,0.000010620,0.000010620,0.000010620,6838871,72.628807068,0.000000015,+0.143%,76614962,812.64246
05:33,0.000010620,0.000010620,0.000010620,902941,9.589233398,0.000000010,+0.094%,78763232,835.52344
05:34,0.000010620,0.000010610,0.000010616,4425866,46.985836029,0.000000011,+0.1%,78292192,830.53467
05:35,0.000010610,0.000010610,0.000010610,3636417,38.582386017,-0.000000000,-0.003%,79751900,846.0757
05:36,0.000010630,0.000010610,0.000010620,13906707,147.692565918,0.000000004,+0.042%,66225207,702.5575
05:37,0.000010630,0.000010630,0.000010630,117600,1.250087976,0.000000026,+0.246%,77715959,824.59985
05:38,0.000010630,0.000010630,0.000010630,151088,1.606065512,0.000000035,+0.331%,71246321,755.98267
05:39,0.000010630,0.000010620,0.000010624,477900,5.078753471,0.000000023,+0.22%,60784183,645.163
05:40,0.000010630,0.000010610,0.000010621,6508179,69.106765747,0.000000023,+0.212%,58390060,619.7951
05:41,0.000010620,0.000010620,0.000010620,2458576,26.110076904,0.000000015,+0.138%,57636871,611.9634
05:42,0.000010620,0.000010610,0.000010619,5459792,57.977592468,0.000000014,+0.137%,57553804,611.12744
05:43,0.000010620,0.000010620,0.000010620,1743767,18.518804550,0.000000002,+0.017%,63000596,668.9672
05:44,0.000010620,0.000010620,0.000010620,250213,2.657262087,0.000000006,+0.057%,48527277,515.2949
05:45,0.000010620,0.000010610,0.000010618,2911060,30.911270142,-0.000000003,-0.03%,47822611,507.8175
05:46,0.000010620,0.000010600,0.000010610,1309089,13.892631531,-0.000000010,-0.094%,49788977,528.6955
05:47,0.000010610,0.000010580,0.000010590,9908256,104.937942505,-0.000000030,-0.28%,44259195,469.95935
05:48,0.000010590,0.000010570,0.000010580,14035878,148.401473999,-0.000000035,-0.332%,53264510,565.30804
05:49,0.000010580,0.000010570,0.000010573,1742133,18.415325165,-0.000000037,-0.346%,62874522,666.7237
05:50,0.000010580,0.000010570,0.000010573,3916508,41.397655487,-0.000000047,-0.447%,60980238,646.55664
05:51,0.000010580,0.000010570,0.000010578,7377241,78.049789429,-0.000000052,-0.485%,50990039,540.2617
05:52,0.000010590,0.000010570,0.000010579,3673194,38.862182617,-0.000000051,-0.477%,58249680,617.06146
05:53,0.000010590,0.000010580,0.000010584,1673661,17.709129333,-0.000000040,-0.379%,61771786,654.31757
05:54,0.000010590,0.000010570,0.000010580,671620,7.106709003,-0.000000041,-0.388%,62967547,666.94794
05:55,0.000010580,0.000010580,0.000010580,1804707,19.093799591,-0.000000040,-0.377%,57130988,604.94775
05:56,0.000010580,0.000010570,0.000010579,3514959,37.188163757,-0.000000040,-0.381%,56477119,597.9315
05:57,0.000010580,0.000010580,0.000010580,47080,0.498106390,-0.000000040,-0.377%,54532286,577.14215
05:58,0.000010580,0.000010570,0.000010578,1114107,11.783291817,,+nan%,,
05:59,0.000010590,0.000010570,0.000010580,308484,3.263745308,-0.000000040,-0.377%,53949706,570.9047
06:00,0.000010580,0.000010580,0.000010580,1449504,15.335751534,-0.000000038,-0.36%,54007977,571.51117
06:01,0.000010610,0.000010590,0.000010598,16376999,173.517807007,-0.000000012,-0.118%,52546421,555.93567
06:02,0.000010610,0.000010600,0.000010604,3478028,36.889831543,0.000000014,+0.132%,67614331,715.5609
06:03,0.000010610,0.000010610,0.000010610,568176,6.028347492,0.000000030,+0.28%,61184103,647.51276
06:04,0.000010610,0.000010610,0.000010610,7991760,84.792572021,0.000000037,+0.347%,47716401,505.13962
06:05,0.000010610,0.000010600,0.000010609,2119765,22.489671707,0.000000036,+0.341%,53966028,571.5169
06:06,0.000010610,0.000010590,0.000010600,21511398,228.007110596,0.000000021,+0.199%,52169285,552.60895
06:07,0.000010600,0.000010590,0.000010599,3441785,36.482814789,0.000000020,+0.19%,66303442,702.5663
06:08,0.000010600,0.000010590,0.000010598,396038,4.197555065,0.000000014,+0.13%,66072033,700.1869
06:09,0.000010600,0.000010580,0.000010590,6268383,66.382011414,0.000000010,+0.09%,64794410,686.6753
06:10,0.000010610,0.000010590,0.000010603,12081835,128.098678589,0.000000023,+0.214%,70391173,745.95056
06:11,0.000010610,0.000010600,0.000010609,2202081,23.360498428,0.000000030,+0.279%,80668301,854.9555
06:12,0.000010610,0.000010600,0.000010601,5506816,58.372417450,0.000000021,+0.198%,79355423,841.1278
06:13,0.000010600,0.000010600,0.000010600,1511510,16.022006989,0.000000022,+0.208%,84815159,899.00214
06:14,0.000010610,0.000010600,0.000010602,1054782,11.181541443,0.000000022,+0.208%,85212562,903.24084
06:15,0.000010610,0.000010580,0.000010591,21061863,222.992111206,0.000000011,+0.101%,85958860,911.1586
06:16,0.000010600,0.000010580,0.000010594,3298791,34.949295044,-0.000000004,-0.034%,105571219,1118.8151
06:17,0.000010600,0.000010590,0.000010592,2964273,31.397817612,-0.000000012,-0.116%,92493011,980.24646
06:18,0.000010610,0.000010590,0.000010599,11110000,117.795249939,-0.000000011,-0.102%,91979256,974.75446
06:19,0.000010610,0.000010600,0.000010603,2928100,31.040958405,-0.000000007,-0.066%,102521080,1086.5214
06:20,0.000010620,0.000010600,0.000010608,3347568,35.513755798,-0.000000001,-0.007%,97457420,1032.7698
06:21,0.000010610,0.000010610,0.000010610,1308903,13.887460709,0.000000010,+0.099%,98685223,1045.7938
06:22,0.000010610,0.000010610,0.000010610,512716,5.439916611,0.000000011,+0.1%,78482728,831.67413
06:23,0.000010630,0.000010610,0.000010620,2990790,31.755025864,0.000000022,+0.212%,75553659,800.6312
06:24,0.000010630,0.000010620,0.000010629,187704,1.994469404,0.000000039,+0.371%,78148411,828.18866
06:25,0.000010640,0.000010620,0.000010628,14389692,152.933609009,0.000000026,+0.244%,72067732,763.80115
06:26,0.000010630,0.000010620,0.000010628,6680081,70.980346680,0.000000020,+0.185%,74375589,788.63605
06:27,0.000010630,0.000010590,0.000010606,8985900,95.333511353,0.000000005,+0.047%,78853589,836.25586
06:28,0.000010610,0.000010600,0.000010607,1663329,17.645530701,0.000000007,+0.071%,82332673,873.21704
06:29,0.000010630,0.000010610,0.000010624,11563560,122.819328308,0.000000022,+0.205%,82484492,874.8405
06:30,0.000010640,0.000010630,0.000010634,2821923,30.013555527,0.000000043,+0.408%,92993270,986.4783
06:31,0.000010650,0.000010630,0.000010639,10111399,107.581520081,0.000000045,+0.427%,74753330,793.4998
06:32,0.000010640,0.000010620,0.000010633,9115046,96.916961670,0.000000041,+0.386%,81565938,866.132
06:33,0.000010650,0.000010630,0.000010638,6116393,65.060035706,0.000000039,+0.371%,87716711,931.65125
06:34,0.000010650,0.000010640,0.000010647,39928032,425.174255371,0.000000044,+0.418%,82723104,878.916
06:35,0.000010650,0.000010640,0.000010641,3661277,38.957584381,0.000000034,+0.317%,119723036,1273.0493
06:36,0.000010650,0.000010630,0.000010639,1889958,20.107606888,0.000000029,+0.276%,120036745,1276.4933
06:37,0.000010640,0.000010640,0.000010640,2026471,21.561651230,0.000000030,+0.283%,120617800,1282.7135
06:38,0.000010650,0.000010640,0.000010642,3527665,37.552661896,0.000000022,+0.207%,122131555,1298.8352
06:39,0.000010640,0.000010640,0.000010640,1103814,11.744581223,0.000000011,+0.105%,122668430,1304.6327
06:40,0.000010650,0.000010630,0.000010640,2049027,21.802104950,0.000000012,+0.112%,123584540,1314.3829
06:41,0.000010650,0.000010630,0.000010640,3177099,33.814731598,0.000000012,+0.112%,111243875,1183.2515
06:42,0.000010650,0.000010640,0.000010641,7779568,82.807609558,0.000000035,+0.331%,107740893,1146.0856
06:43,0.000010650,0.000010650,0.000010650,6464876,68.850929260,0.000000043,+0.401%,106534561,1133.5597
06:44,0.000010650,0.000010650,0.000010650,1254176,13.356974602,0.000000026,+0.247%,111336108,1184.7651
06:45,0.000010650,0.000010650,0.000010650,9252322,98.537223816,0.000000016,+0.152%,101026724,1075.3027
06:46,0.000010650,0.000010640,0.000010645,1583951,16.865749359,0.000000006,+0.054%,107457123,1143.8264
06:47,0.000010650,0.000010640,0.000010647,107255,1.142040133,0.000000014,+0.13%,98929675,1053.1107
06:49,0.000010640,0.000010630,0.000010637,7241718,77.030654907,-0.000000002,-0.015%,89921884,957.3358
06:50,0.000010630,0.000010620,0.000010621,2937920,31.200822830,-0.000000027,-0.249%,91047209,969.30634
06:51,0.000010620,0.000010620,0.000010620,948167,10.069533348,-0.000000021,-0.201%,54057097,575.3329
06:52,0.000010620,0.000010610,0.000010613,3102430,32.924491882,-0.000000027,-0.251%,51343987,546.4448
06:53,0.000010620,0.000010600,0.000010612,1911675,20.291170120,-0.000000028,-0.261%,52556459,559.2617
06:54,0.000010610,0.000010600,0.000010609,1372578,14.563000679,-0.000000033,-0.313%,52441663,557.9913
06:55,0.000010620,0.000010610,0.000010617,544505,5.778953075,-0.000000023,-0.215%,50286576,535.0016
06:56,0.000010620,0.000010620,0.000010620,116024,1.232174873,-0.000000020,-0.191%,49727267,529.03595
06:57,0.000010620,0.000010620,0.000010620,532100,5.650902271,-0.000000020,-0.188%,47794264,508.46603
06:59,0.000010620,0.000010610,0.000010611,2415632,25.638507843,-0.000000030,-0.279%,45149265,480.30222
07:00,0.000010620,0.000010610,0.000010613,61728,0.655159950,-0.000000037,-0.344%,39785329,423.13315
07:01,0.000010620,0.000010610,0.000010614,223086,2.367316723,-0.000000036,-0.34%,33382181,354.93735
07:02,0.000010620,0.000010610,0.000010612,703673,7.466060162,-0.000000038,-0.36%,32351091,343.9477
07:03,0.000010610,0.000010580,0.000010596,5655975,59.953193665,-0.000000049,-0.462%,23802442,252.87654
07:04,0.000010600,0.000010580,0.000010591,1796400,19.034263611,-0.000000056,-0.524%,27874466,295.964
07:05,0.000010600,0.000010590,0.000010597,427902,4.535011768,-0.000000040,-0.379%,29563611,313.8562
07:06,0.000010600,0.000010600,0.000010600,1295341,13.730614662,-0.000000021,-0.196%,22749795,241.36058
07:07,0.000010620,0.000010610,0.000010612,1757118,18.644462585,-0.000000008,-0.08%,21107216,223.89037
07:08,0.000010620,0.000010610,0.000010612,438951,4.657690048,-0.000000001,-0.005%,21916167,232.4653
07:09,0.000010610,0.000010600,0.000010606,3294140,34.925006866,-0.000000007,-0.062%,19252688,204.19849
07:10,0.000010610,0.000010600,0.000010603,655200,6.946120262,-0.000000005,-0.051%,20635153,218.83232
07:11,0.000010600,0.000010600,0.000010600,2584,0.027390400,-0.000000017,-0.161%,19917775,211.21542
07:12,0.000010600,0.000010600,0.000010600,253118,2.683050632,-0.000000020,-0.188%,19375854,205.46385
07:13,0.000010590,0.000010510,0.000010543,80819138,852.149475098,-0.000000077,-0.724%,19512948,206.91475
07:14,0.000010590,0.000010560,0.000010582,7103428,75.179275513,-0.000000030,-0.28%,99799986,1053.4133
07:15,0.000010600,0.000010580,0.000010589,1781143,18.860681534,-0.000000025,-0.231%,104487782,1102.9541
07:16,0.000010590,0.000010580,0.000010587,245736,2.602295160,-0.000000027,-0.255%,106207197,1121.1597
07:17,0.000010610,0.000010590,0.000010601,7428425,78.723030090,-0.000000011,-0.105%,106229847,1121.3947
07:18,0.000010610,0.000010590,0.000010604,987692,10.467248917,0.000000008,+0.078%,112954599,1192.6516
07:19,0.000010610,0.000010600,0.000010604,1050476,11.138959885,0.000000013,+0.125%,108286316,1143.1656
07:20,0.000010610,0.000010600,0.000010605,6414458,68.017631531,0.000000009,+0.082%,107540392,1135.2703
07:21,0.000010620,0.000010590,0.000010605,17892649,189.719711304,0.000000005,+0.051%,113526948,1198.7528
07:22,0.000010610,0.000010580,0.000010592,7472120,79.131370544,-0.000000020,-0.188%,130124256,1374.742
07:23,0.000010600,0.000010580,0.000010589,1633160,17.287557602,-0.000000023,-0.22%,135839258,1435.2289
07:24,0.000010590,0.000010590,0.000010590,479560,5.078540325,-0.000000016,-0.147%,137033467,1447.8588
07:25,0.000010580,0.000010570,0.000010577,6634943,70.187377930,-0.000000027,-0.253%,134218887,1418.0122
07:26,0.000010580,0.000010560,0.000010573,1031340,10.909957886,-0.000000027,-0.259%,140198630,1481.2534
07:27,0.000010570,0.000010570,0.000010570,661748,6.994676113,-0.000000030,-0.283%,141227386,1492.1361
07:28,0.000010580,0.000010560,0.000010571,1390835,14.708846092,0.000000028,+0.269%,141636016,1496.4476
07:29,0.000010580,0.000010570,0.000010575,2602824,27.531187057,-0.000000007,-0.063%,62207713,659.00714
07:30,0.000010580,0.000010550,0.000010561,3292632,34.785312653,-0.000000028,-0.262%,57707109,611.35913
07:31,0.000010570,0.000010550,0.000010562,9741851,102.895164490,-0.000000024,-0.229%,59218598,627.28375
07:32,0.000010570,0.000010550,0.000010567,22763170,240.563140869,-0.000000034,-0.32%,68714713,727.5766
07:33,0.000010570,0.000010560,0.000010569,3261411,34.472484589,-0.000000035,-0.33%,84049458,889.4166
07:34,0.000010570,0.000010570,0.000010570,4635581,48.998092651,-0.000000034,-0.322%,86323177,913.42194
07:35,0.000010610,0.000010580,0.000010596,16480843,174.486343384,-0.000000010,-0.091%,89908282,951.281
07:36,0.000010630,0.000010610,0.000010619,4437215,47.089740753,0.000000013,+0.127%,99974667,1057.7498
07:37,0.000010650,0.000010630,0.000010638,38747726,412.374755859,0.000000046,+0.435%,86519233,915.11975
07:38,0.000010650,0.000010640,0.000010647,881222,9.380829811,0.000000059,+0.553%,117794839,1248.3632
07:39,0.000010640,0.000010620,0.000010631,10861368,115.458938599,0.000000041,+0.386%,117042901,1240.4564
07:40,0.000010640,0.000010620,0.000010634,14426513,153.427337646,0.000000057,+0.541%,127424709,1350.8369
07:41,0.000010640,0.000010620,0.000010628,4706938,50.020942688,0.000000056,+0.526%,135216279,1434.0769
07:42,0.000010640,0.000010610,0.000010624,14009459,148.799621582,0.000000054,+0.51%,138891877,1473.1879
07:43,0.000010630,0.000010610,0.000010614,7328159,77.791137695,0.000000043,+0.405%,152239588,1614.9929
07:44,0.000010630,0.000010610,0.000010627,9533157,101.287078857,0.000000052,+0.487%,158176912,1678.0753
07:45,0.000010630,0.000010610,0.000010619,4894817,51.969364166,0.000000058,+0.552%,165107245,1751.8312
07:46,0.000010630,0.000010610,0.000010619,3757219,39.898189545,0.000000057,+0.54%,166709430,1769.0151
07:47,0.000010630,0.000010610,0.000010624,5007756,53.201839447,0.000000057,+0.541%,160724798,1706.0181
07:48,0.000010630,0.000010610,0.000010618,355051,3.769713163,0.000000049,+0.467%,142969384,1518.6566
07:49,0.000010620,0.000010600,0.000010611,6543962,69.444801331,0.000000041,+0.389%,140063024,1487.9539
07:50,0.000010620,0.000010600,0.000010606,3858238,40.918933868,0.000000011,+0.102%,141971405,1508.4006
07:51,0.000010620,0.000010610,0.000010617,4211807,44.710182190,-0.000000002,-0.018%,129348800,1374.8331
07:52,0.000010620,0.000010600,0.000010611,19020138,201.804595947,-0.000000027,-0.254%,129123392,1372.4536
07:53,0.000010620,0.000010610,0.000010616,8243263,87.530891418,-0.000000031,-0.289%,109395804,1161.8835
07:54,0.000010620,0.000010600,0.000010606,12545568,133.082931519,-0.000000025,-0.233%,116757845,1240.0336
07:55,0.000010630,0.000010610,0.000010619,20271353,215.231094360,-0.000000015,-0.143%,118442045,1257.6576
07:56,0.000010630,0.000010610,0.000010617,4445260,47.188884735,-0.000000011,-0.104%,124286885,1319.4613
07:57,0.000010620,0.000010620,0.000010620,123588,1.312504530,0.000000006,+0.054%,110015748,1167.8296
07:58,0.000010630,0.000010620,0.000010622,630192,6.694683552,-0.000000005,-0.042%,102811177,1091.351
07:59,0.000010630,0.000010600,0.000010611,7645451,81.104949951,-0.000000009,-0.081%,93908212,996.75867
08:00,0.000010610,0.000010600,0.000010602,3419998,36.255653381,-0.000000017,-0.16%,96658846,1025.8943
08:01,0.000010600,0.000010600,0.000010600,2081832,22.067419052,-0.000000024,-0.224%,96321625,1022.25165
08:02,0.000010610,0.000010600,0.000010605,3781440,40.086040497,-0.000000013,-0.121%,93395701,991.1173
08:03,0.000010610,0.000010600,0.000010608,3897246,41.317264557,-0.000000003,-0.03%,96822090,1027.4337
08:04,0.000010610,0.000010600,0.000010609,1869206,19.827459335,0.000000003,+0.025%,94175374,999.30615
08:05,0.000010620,0.000010600,0.000010611,3918388,41.567310333,-0.000000006,-0.057%,92186342,978.21466
08:06,0.000010620,0.000010600,0.000010610,634998,6.736441135,-0.000000006,-0.06%,72872785,773.26715
08:07,0.000010620,0.000010610,0.000010614,5024321,53.331008911,0.000000008,+0.073%,65264520,692.47266
08:08,0.000010620,0.000010610,0.000010615,1378594,14.628307343,-0.000000003,-0.033%,57743273,612.7207
08:09,0.000010620,0.000010610,0.000010616,390691,4.148419857,-0.000000001,-0.013%,38850514,412.11792
08:10,0.000010620,0.000010590,0.000010598,14657321,155.295211792,,+nan%,,
08:11,0.000010590,0.000010580,0.000010583,4002632,42.361755371,-0.000000037,-0.349%,49453266,524.3726
08:12,0.000010600,0.000010590,0.000010592,17479813,185.116256714,-0.000000030,-0.286%,53332310,565.4219
08:13,0.000010610,0.000010600,0.000010603,4692393,49.765396118,-0.000000008,-0.073%,70181931,743.84344
08:14,0.000010600,0.000010600,0.000010600,905190,9.595013618,-0.000000002,-0.024%,67228873,712.5039
08:15,0.000010600,0.000010600,0.000010600,1559096,16.526416779,0.000000000,+0.0%,64714065,685.8433
08:16,0.000010610,0.000010610,0.000010610,377265,4.002781868,0.000000005,+0.043%,64191329,680.3023
08:17,0.000010610,0.000010610,0.000010610,114000,1.209540009,0.000000002,+0.019%,60787154,644.2191
08:18,0.000010600,0.000010590,0.000010597,333978,3.537948847,-0.000000012,-0.117%,57003908,604.1114
08:19,0.000010590,0.000010590,0.000010590,2307713,24.438680649,-0.000000021,-0.197%,55468680,587.82184
08:20,0.000010600,0.000010570,0.000010579,831105,8.790800095,,+nan%,,
08:21,0.000010580,0.000010570,0.000010575,164016,1.734426022,-0.000000035,-0.33%,54689110,579.484
08:22,0.000010580,0.000010570,0.000010576,2224460,23.528413773,-0.000000038,-0.358%,54218128,574.48193
08:23,0.000010580,0.000010570,0.000010573,2354133,24.892593384,-0.000000042,-0.396%,51418267,544.6794
08:24,0.000010580,0.000010580,0.000010580,2569986,27.190452576,-0.000000036,-0.336%,52393806,554.94366
08:25,0.000010580,0.000010570,0.000010577,1992848,21.081254959,-0.000000021,-0.198%,54573101,577.9857
08:26,0.000010580,0.000010560,0.000010565,4512888,47.679626465,-0.000000018,-0.171%,41908628,443.7718
08:27,0.000010570,0.000010560,0.000010567,3597498,37.997047424,-0.000000025,-0.236%,42418884,449.0896
08:28,0.000010570,0.000010560,0.000010562,2931093,30.952941895,-0.000000041,-0.382%,28536569,301.97037
08:29,0.000010570,0.000010560,0.000010567,1882250,19.895122528,-0.000000033,-0.314%,26775269,283.15793
08:30,0.000010570,0.000010570,0.000010570,4554615,48.142280579,-0.000000030,-0.283%,27752329,293.45804
08:31,0.000010580,0.000010570,0.000010575,432521,4.572457790,-0.000000035,-0.33%,30747848,325.07388
08:32,0.000010570,0.000010570,0.000010570,284992,3.012365580,-0.000000040,-0.377%,30803104,325.64355
08:33,0.000010570,0.000010570,0.000010570,2232279,23.595188141,-0.000000027,-0.252%,30974096,327.44638
08:34,0.000010580,0.000010570,0.000010576,1184838,12.524442673,-0.000000014,-0.135%,32872397,347.5036
08:35,0.000010580,0.000010570,0.000010573,410688,4.341206551,-0.000000006,-0.055%,31749522,335.5894
08:36,0.000010580,0.000010580,0.000010580,803523,8.501274109,0.000000005,+0.047%,31329105,331.13983
08:37,0.000010580,0.000010580,0.000010580,1232100,13.035617828,0.000000004,+0.04%,31968612,337.90665
08:38,0.000010580,0.000010580,0.000010580,833599,8.819478035,0.000000007,+0.066%,30976252,327.41388
08:39,0.000010590,0.000010580,0.000010581,8818399,93.298736572,0.000000001,+0.009%,29455718,311.3408
08:40,0.000010570,0.000010570,0.000010570,12876,0.136099324,-0.000000007,-0.063%,35704131,377.44904
08:41,0.000010580,0.000010570,0.000010575,1139385,12.048395157,0.000000010,+0.096%,33724159,356.50388
08:42,0.000010600,0.000010570,0.000010583,7910154,83.719329834,0.000000016,+0.151%,30350656,320.87268
08:43,0.000010580,0.000010560,0.000010567,7531695,79.602096558,0.000000005,+0.047%,34663312,366.59494
08:44,0.000010570,0.000010560,0.000010563,104833,1.107094765,-0.000000003,-0.032%,39263914,415.24408
08:45,0.000010570,0.000010560,0.000010567,7501784,79.272705078,-0.000000003,-0.028%,37486497,396.4561
08:46,0.000010590,0.000010570,0.000010577,22486692,237.829696655,0.000000002,+0.022%,40433666,427.58646
08:47,0.000010590,0.000010580,0.000010587,4043424,42.783138275,0.000000017,+0.162%,62487837,660.8437
08:48,0.000010590,0.000010570,0.000010583,10516744,111.233375549,0.000000013,+0.126%,66246269,700.6145
08:49,0.000010590,0.000010580,0.000010587,245294,2.595801830,0.000000011,+0.104%,74530734,788.2527
08:50,0.000010590,0.000010580,0.000010588,859570,9.097219467,0.000000014,+0.134%,73591190,778.3241
08:51,0.000010590,0.000010590,0.000010590,849582,8.997073174,0.000000010,+0.095%,74040072,783.0801
08:52,0.000010600,0.000010580,0.000010594,2865618,30.365436554,0.000000014,+0.135%,74086131,783.5759
08:53,0.000010600,0.000010590,0.000010593,999101,10.580763817,0.000000013,+0.123%,75719649,800.9057
08:54,0.000010590,0.000010590,0.000010590,106260,1.125293374,0.000000009,+0.085%,75885151,802.667
08:55,0.000010600,0.000010580,0.000010589,2967181,31.420633316,0.000000019,+0.179%,67173012,710.4935
08:56,0.000010580,0.000010570,0.000010579,7718620,81.617546082,0.000000004,+0.034%,70127317,741.7781
08:57,0.000010590,0.000010570,0.000010577,3038302,32.120101929,-0.000000006,-0.056%,76706552,811.3472
08:58,0.000010580,0.000010580,0.000010580,868968,9.193681717,0.000000013,+0.118%,71834700,759.748
08:59,0.000010590,0.000010580,0.000010583,336073,3.555727482,0.000000020,+0.19%,65171973,689.33954
09:00,0.000010580,0.000010580,0.000010580,25324,0.267927945,0.000000013,+0.123%,65403213,691.7882
09:01,0.000010580,0.000010570,0.000010576,1817130,19.215906143,-0.000000001,-0.012%,57926753,612.78345
09:03,0.000010580,0.000010570,0.000010575,19601438,207.287002563,-0.000000012,-0.117%,37257191,394.16965
09:04,0.000010590,0.000010580,0.000010582,1807300,19.121284485,-0.000000002,-0.016%,52815205,558.6735
09:05,0.000010590,0.000010580,0.000010581,1601964,16.949693680,-0.000000006,-0.052%,44105761,466.5614
09:06,0.000010590,0.000010580,0.000010582,14500,0.153457999,-0.000000005,-0.048%,45462431,480.91528
09:08,0.000010590,0.000010570,0.000010572,4331942,45.792270660,-0.000000018,-0.167%,44617361,471.97156
09:09,0.000010590,0.000010560,0.000010568,66572416,703.650695801,-0.000000027,-0.25%,48099721,508.76675
09:10,0.000010570,0.000010560,0.000010562,705806,7.454529762,-0.000000031,-0.292%,111806519,1182.052
09:11,0.000010560,0.000010550,0.000010551,3417269,36.053550720,-0.000000039,-0.368%,111513224,1178.9258
09:12,0.000010560,0.000010550,0.000010554,2320695,24.485618591,-0.000000035,-0.329%,114824233,1213.8541
09:13,0.000010560,0.000010550,0.000010557,636108,6.712247372,-0.000000021,-0.199%,114177747,1206.9191
09:14,0.000010560,0.000010530,0.000010540,10875604,114.639213562,-0.000000036,-0.344%,107095235,1132.0138
09:15,0.000010550,0.000010530,0.000010532,1870330,19.696107864,-0.000000048,-0.455%,114932537,1214.5328
09:16,0.000010530,0.000010520,0.000010522,74218,0.780879140,-0.000000062,-0.583%,115933899,1225.0353
09:17,0.000010530,0.000010520,0.000010525,525000,5.525100231,-0.000000055,-0.52%,115672044,1222.2604
09:18,0.000010530,0.000010520,0.000010527,103944,1.093825579,-0.000000049,-0.459%,116171720,1227.5177
09:19,0.000010540,0.000010520,0.000010530,366157,3.855633259,-0.000000045,-0.424%,114458534,1209.3956
09:20,0.000010540,0.000010530,0.000010531,518520,5.460051537,-0.000000050,-0.476%,95223253,1005.9641
09:21,0.000010550,0.000010520,0.000010538,3813849,40.183837891,-0.000000044,-0.412%,93934473,992.30286
09:22,0.000010550,0.000010530,0.000010542,586530,6.182064056,-0.000000041,-0.384%,96146358,1015.537
09:23,0.000010540,0.000010530,0.000010537,2561949,27.000867844,-0.000000035,-0.332%,96718388,1021.5656
09:24,0.000010540,0.000010540,0.000010540,589595,6.214331150,-0.000000028,-0.263%,94948395,1002.7742
09:25,0.000010550,0.000010540,0.000010546,209808,2.212666512,-0.000000016,-0.156%,28965574,305.33786
09:26,0.000010550,0.000010540,0.000010548,972440,10.258245468,-0.000000003,-0.033%,28469576,300.096
09:27,0.000010550,0.000010540,0.000010545,151905,1.601937056,-0.000000009,-0.085%,26024747,274.3007
09:28,0.000010540,0.000010540,0.000010540,16660,0.175596401,-0.000000017,-0.166%,23855957,251.417
09:29,0.000010540,0.000010530,0.000010539,1822425,19.208303452,-0.000000001,-0.014%,23236509,244.88037
09:30,0.000010550,0.000010540,0.000010546,268289,2.828219175,0.000000014,+0.135%,14183330,149.44945
09:31,0.000010540,0.000010530,0.000010531,934503,9.840525627,0.000000010,+0.093%,12581289,132.58156
09:32,0.000010530,0.000010520,0.000010529,449686,4.732246399,0.000000004,+0.034%,13441574,141.6412
09:33,0.000010530,0.000010520,0.000010521,306750,3.227389336,-0.000000006,-0.059%,13366260,140.84836
09:34,0.000010540,0.000010520,0.000010531,1842022,19.411161423,0.000000001,+0.013%,13569066,142.9819
09:35,0.000010560,0.000010550,0.000010551,2789652,29.431087494,0.000000020,+0.19%,15044931,158.53745
09:36,0.000010550,0.000010550,0.000010550,8659,0.091352448,0.000000013,+0.119%,17316063,182.50848
09:37,0.000010550,0.000010550,0.000010550,183681,1.937834501,0.000000008,+0.078%,13510873,142.41599
09:38,0.000010540,0.000010540,0.000010540,300118,3.163243771,0.000000003,+0.027%,13108024,138.17177
09:39,0.000010540,0.000010530,0.000010538,506668,5.339922428,-0.000000002,-0.016%,10846193,114.334145
09:40,0.000010550,0.000010530,0.000010542,1666143,17.564128876,-0.000000004,-0.036%,10763266,113.45974
09:41,0.000010540,0.000010530,0.000010532,193848,2.042262554,-0.000000016,-0.147%,12219601,128.81119
09:42,0.000010540,0.000010530,0.000010531,448845,4.726456165,-0.000000014,-0.13%,11441009,120.59521
09:43,0.000010540,0.000010530,0.000010532,383768,4.041441917,-0.000000008,-0.079%,11737949,123.71972
09:44,0.000010540,0.000010520,0.000010528,1292565,13.611419678,-0.000000011,-0.103%,12105057,127.58556
09:45,0.000010530,0.000010520,0.000010524,3038826,31.971122742,-0.000000022,-0.211%,11575197,121.988686
09:46,0.000010530,0.000010510,0.000010514,1557920,16.376201630,-0.000000018,-0.167%,14345734,151.13159
09:47,0.000010520,0.000010510,0.000010517,100860,1.060999393,-0.000000012,-0.113%,14969151,157.66727
09:48,0.000010520,0.000010520,0.000010520,116546,1.226063848,-0.000000001,-0.012%,14620325,153.99602
09:49,0.000010520,0.000010510,0.000010515,9648,0.101448715,-0.000000016,-0.155%,14430121,151.99469
09:50,0.000010530,0.000010500,0.000010508,1705496,17.915027618,-0.000000044,-0.413%,12597747,132.685
09:51,0.000010510,0.000010490,0.000010495,107780,1.131172538,-0.000000055,-0.521%,11513591,121.16893
09:52,0.000010510,0.000010490,0.000010507,629493,6.615492344,-0.000000043,-0.408%,11612712,122.20875
09:53,0.000010510,0.000010500,0.000010509,234464,2.464189291,-0.000000031,-0.292%,12058524,126.886406
09:54,0.000010510,0.000010470,0.000010482,8888284,93.173271179,-0.000000056,-0.53%,11992870,126.18734
09:55,0.000010480,0.000010460,0.000010470,1454307,15.225472450,-0.000000071,-0.676%,20374486,214.0207
09:56,0.000010500,0.000010470,0.000010485,2298606,24.097656250,-0.000000047,-0.449%,20162650,211.68205
09:57,0.000010510,0.000010500,0.000010501,2310631,24.262027740,-0.000000030,-0.284%,22267408,233.73744
09:58,0.000010510,0.000010490,0.000010495,3155552,33.105899811,-0.000000036,-0.344%,24129194,253.27301
09:59,0.000010510,0.000010490,0.000010500,344212,3.614217758,-0.000000028,-0.265%,26900978,282.33746
10:00,0.000010510,0.000010490,0.000010506,611005,6.419628143,-0.000000018,-0.174%,25952625,272.34027
10:01,0.000010510,0.000010490,0.000010498,803170,8.428387642,-0.000000016,-0.151%,23524804,246.78877
10:02,0.000010510,0.000010480,0.000010492,3868960,40.598037720,-0.000000025,-0.237%,22770054,238.84096
10:03,0.000010500,0.000010480,0.000010493,1381395,14.494658470,-0.000000027,-0.26%,26538154,278.378
10:04,0.000010500,0.000010490,0.000010497,1174284,12.329003334,-0.000000018,-0.174%,27803003,291.64658
10:05,0.000010490,0.000010490,0.000010490,1148478,12.047533989,-0.000000018,-0.168%,28967639,303.87415
10:06,0.000010490,0.000010480,0.000010483,1182877,12.407270432,-0.000000012,-0.111%,28410621,298.00665
10:07,0.000010500,0.000010480,0.000010490,304851,3.197159290,-0.000000017,-0.162%,29485718,309.28275
10:08,0.000010490,0.000010490,0.000010490,1681189,17.635673523,-0.000000019,-0.183%,29161076,305.86444
10:09,0.000010490,0.000010480,0.000010484,437839,4.590896606,0.000000002,+0.02%,30607801,321.03592
10:10,0.000010480,0.000010470,0.000010473,2175711,22.784912109,0.000000002,+0.022%,22157356,232.45354
10:11,0.000010490,0.000010470,0.000010478,3120409,32.695014954,-0.000000024,-0.226%,20580154,215.9153
10:12,0.000010480,0.000010460,0.000010464,1560803,16.329467773,-0.000000031,-0.296%,21389932,224.3483
10:13,0.000010470,0.000010440,0.000010448,5615442,58.696033478,-0.000000052,-0.494%,19795183,207.57187
10:14,0.000010460,0.000010370,0.000010404,52109402,542.059997559,-0.000000102,-0.97%,25066413,262.6537
10:15,0.000010420,0.000010380,0.000010404,26074270,271.319732666,-0.000000088,-0.837%,75761640,789.86566
10:16,0.000010410,0.000010390,0.000010400,11203129,116.514106750,-0.000000092,-0.879%,97966950,1020.5874
10:17,0.000010410,0.000010390,0.000010398,9133679,94.932495117,-0.000000098,-0.938%,107788684,1122.6068
10:18,0.000010400,0.000010390,0.000010397,2190916,22.780046463,-0.000000093,-0.887%,115748079,1205.2103
10:19,0.000010410,0.000010400,0.000010403,5704791,59.332389832,-0.000000081,-0.771%,116790517,1215.9429
10:20,0.000010410,0.000010400,0.000010408,5094477,53.025264740,-0.000000082,-0.779%,121312431,1262.8679
10:21,0.000010420,0.000010390,0.000010401,16087898,167.325393677,-0.000000089,-0.845%,126102057,1312.696
10:22,0.000010410,0.000010390,0.000010404,1402432,14.595212936,-0.000000081,-0.77%,140508766,1462.3857
10:23,0.000010420,0.000010400,0.000010411,4431203,46.130855560,-0.000000062,-0.59%,141473359,1472.3901
10:24,0.000010430,0.000010410,0.000010423,507769,5.289758682,,+nan%,,
10:25,0.000010430,0.000010410,0.000010421,7156112,74.542022705,-0.000000057,-0.54%,144236620,1501.0259
10:26,0.000010420,0.000010410,0.000010415,1267616,13.200594902,-0.000000049,-0.469%,148272323,1542.8729
10:27,0.000010420,0.000010410,0.000010419,474708,4.945752144,-0.000000030,-0.283%,147979136,1539.7439
10:28,0.000010430,0.000010410,0.000010416,293118,3.052785158,0.000000012,+0.118%,142838402,1485.9938
10:29,0.000010420,0.000010410,0.000010413,1263538,13.157713890,,+nan%,,
10:30,0.000010430,0.000010400,0.000010411,4171010,43.421394348,0.000000007,+0.065%,92285656,960.1441
10:31,0.000010410,0.000010400,0.000010405,2813262,29.278646469,0.000000005,+0.044%,70382396,732.2458
10:32,0.000010410,0.000010400,0.000010403,2150945,22.375272751,0.000000005,+0.047%,61992529,645.0103
10:33,0.000010420,0.000010400,0.000010409,844128,8.790102959,0.000000012,+0.111%,55009795,572.45306
10:34,0.000010420,0.000010420,0.000010420,1018885,10.616782188,0.000000017,+0.168%,53663007,558.46313
10:35,0.000010440,0.000010420,0.000010433,2524232,26.334062576,0.000000025,+0.24%,48977101,509.74756
10:36,0.000010430,0.000010420,0.000010427,3625080,37.796028137,0.000000026,+0.248%,46406856,483.05637
10:37,0.000010430,0.000010420,0.000010428,905971,9.442163467,0.000000024,+0.235%,33944038,353.52698
10:38,0.000010430,0.000010430,0.000010430,2210539,23.055921555,0.000000019,+0.184%,33447577,348.37396
10:39,0.000010440,0.000010430,0.000010435,1073024,11.191847801,0.000000012,+0.118%,31226913,325.29898
10:40,0.000010430,0.000010420,0.000010429,2242394,23.386323929,0.000000008,+0.078%,31792168,331.20105
10:41,0.000010430,0.000010430,0.000010430,1658192,17.294942856,0.000000015,+0.141%,26878450,280.04538
10:42,0.000010430,0.000010430,0.000010430,1999159,20.851228714,0.000000011,+0.11%,27269026,284.13977
10:43,0.000010430,0.000010430,0.000010430,1616692,16.862096786,0.000000014,+0.135%,28793477,300.04523
10:44,0.000010430,0.000010430,0.000010430,362836,3.784379482,0.000000017,+0.166%,30117051,313.85455
10:45,0.000010440,0.000010430,0.000010435,1184998,12.363951683,0.000000024,+0.234%,29216349,304.4812
10:46,0.000010440,0.000010430,0.000010431,405464,4.229280949,0.000000026,+0.251%,26230337,273.42377
10:47,0.000010430,0.000010430,0.000010430,608636,6.348073483,0.000000027,+0.258%,23822539,248.37436
10:48,0.000010440,0.000010430,0.000010439,214596,2.240355253,0.000000030,+0.29%,22280230,232.34715
10:49,0.000010440,0.000010430,0.000010438,916435,9.567322731,0.000000018,+0.173%,21650698,225.79742
10:50,0.000010450,0.000010430,0.000010440,837961,8.749140739,0.000000007,+0.065%,21548248,224.74796
10:51,0.000010440,0.000010430,0.000010437,950040,9.911834717,0.000000010,+0.099%,19861977,207.16306
10:52,0.000010450,0.000010430,0.000010440,2302780,24.039257050,0.000000012,+0.112%,17186937,179.27885
10:53,0.000010440,0.000010430,0.000010436,4614558,48.175178528,0.000000006,+0.053%,18583746,193.87595
10:54,0.000010430,0.000010430,0.000010430,2059425,21.479803085,-0.000000005,-0.048%,20987765,218.99524
10:55,0.000010440,0.000010440,0.000010440,22805,0.238084212,0.000000011,+0.105%,21974166,229.28317
10:56,0.000010440,0.000010430,0.000010436,385776,4.025083542,0.000000006,+0.058%,19754577,206.13493
10:57,0.000010430,0.000010420,0.000010428,10715125,111.721817017,-0.000000002,-0.017%,18482161,192.86507
10:58,0.000010430,0.000010420,0.000010422,715125,7.457343578,-0.000000008,-0.073%,27198127,283.73566
10:59,0.000010430,0.000010430,0.000010430,192126,2.003874063,0.000000000,+0.0%,26296560,274.3309
11:00,0.000010430,0.000010410,0.000010424,1867845,19.466142654,-0.000000011,-0.109%,26125850,272.55038
11:01,0.000010420,0.000010400,0.000010411,2247493,23.396226883,-0.000000020,-0.195%,26808697,279.65262
11:02,0.000010430,0.000010420,0.000010422,6946712,72.384925842,-0.000000008,-0.077%,28650726,298.81955
11:03,0.000010430,0.000010420,0.000010425,81780,0.852169633,-0.000000014,-0.132%,34988802,364.85638
11:04,0.000010420,0.000010420,0.000010420,136740,1.424830794,-0.000000018,-0.173%,34855986,363.46823
11:05,0.000010460,0.000010430,0.000010444,4386834,45.805576324,0.000000004,+0.041%,34076291,355.3257
11:06,0.000010440,0.000010440,0.000010440,171476,1.790209413,0.000000003,+0.024%,37625164,392.38214
11:07,0.000010440,0.000010440,0.000010440,132282,1.381024122,0.000000000,+0.0%,36846600,384.26053
11:08,0.000010440,0.000010430,0.000010434,446216,4.655120850,-0.000000001,-0.012%,34676102,361.6023
11:09,0.000010440,0.000010440,0.000010440,125264,1.307756186,0.000000010,+0.096%,30507760,318.0822
11:10,0.000010450,0.000010440,0.000010445,73488,0.767236829,0.000000005,+0.048%,28573599,297.91022
11:11,0.000010470,0.000010440,0.000010457,3531039,36.941699982,0.000000021,+0.201%,28624282,298.43936
11:12,0.000010510,0.000010470,0.000010490,13950384,146.317535400,0.000000061,+0.589%,31769545,331.356
11:13,0.000010500,0.000010490,0.000010492,2924040,30.674619675,0.000000070,+0.669%,35004804,365.95166
11:14,0.000010490,0.000010490,0.000010490,37696,0.395431042,0.000000060,+0.575%,37213719,389.16895
11:15,0.000010500,0.000010480,0.000010487,1641791,17.210939407,0.000000064,+0.61%,37059289,387.56052
11:16,0.000010530,0.000010490,0.000010513,5799897,60.956970215,0.000000102,+0.977%,36833235,385.30527
11:17,0.000010530,0.000010520,0.000010523,583710,6.140741825,0.000000101,+0.973%,40385639,422.86606
11:18,0.000010520,0.000010500,0.000010510,3245648,34.110710144,0.000000085,+0.817%,34022637,356.62186
11:19,0.000010520,0.000010510,0.000010517,1209450,12.718811035,0.000000097,+0.931%,37186505,389.8804
11:20,0.000010520,0.000010510,0.000010511,895565,9.412428856,0.000000067,+0.64%,38259215,401.17438
11:21,0.000010520,0.000010520,0.000010520,244888,2.576221943,0.000000080,+0.766%,34767946,364.78125
11:22,0.000010520,0.000010510,0.000010518,959335,10.092172623,0.000000078,+0.75%,34841358,365.56726
11:23,0.000010520,0.000010510,0.000010517,2349496,24.713785172,0.000000083,+0.795%,35668411,374.27838
11:24,0.000010520,0.000010500,0.000010512,413484,4.346765041,0.000000072,+0.685%,37571691,394.33707
11:25,0.000010510,0.000010500,0.000010506,213493,2.242806673,0.000000061,+0.585%,37859911,397.37607
11:26,0.000010510,0.000010480,0.000010495,3042740,31.940616608,0.000000038,+0.364%,37999916,398.85162
11:27,0.000010500,0.000010460,0.000010478,3785900,39.649490356,-0.000000012,-0.115%,37511617,393.85052
11:28,0.000010480,0.000010450,0.000010465,2961955,30.980003357,-0.000000027,-0.261%,27347133,287.18253
11:29,0.000010470,0.000010430,0.000010447,2855610,29.834817886,-0.000000043,-0.412%,27385048,287.4879
11:30,0.000010470,0.000010430,0.000010450,3332207,34.818698883,-0.000000038,-0.358%,30202962,316.9273
11:31,0.000010480,0.000010450,0.000010457,1292322,13.513595581,-0.000000055,-0.524%,31893378,334.53503
11:32,0.000010460,0.000010450,0.000010458,452529,4.733099461,-0.000000066,-0.626%,27385803,287.09167
11:33,0.000010460,0.000010430,0.000010441,744438,7.773732185,-0.000000069,-0.661%,27254622,285.68402
11:34,0.000010450,0.000010410,0.000010434,1447578,15.107718468,-0.000000083,-0.789%,24753412,259.34705
11:35,0.000010460,0.000010420,0.000010438,2008600,20.976623535,-0.000000073,-0.694%,24991540,261.73593
11:36,0.000010430,0.000010420,0.000010422,173399,1.806997895,-0.000000098,-0.927%,26104575,273.3001
11:37,0.000010430,0.000010410,0.000010418,757252,7.892956734,-0.000000100,-0.954%,26033086,272.53088
11:38,0.000010430,0.000010400,0.000010409,632622,6.584591866,-0.000000109,-1.034%,25831003,270.3317
11:39,0.000010410,0.000010390,0.000010401,134121,1.395092845,-0.000000111,-1.053%,24114129,252.20248
11:40,0.000010440,0.000010400,0.000010418,869490,9.058383942,-0.000000088,-0.836%,23834766,249.25084
11:41,0.000010430,0.000010410,0.000010421,295923,3.083687305,-0.000000074,-0.707%,24490763,256.0664
11:42,0.000010430,0.000010410,0.000010420,102466,1.068035007,-0.000000057,-0.547%,21743946,227.2095
22:53,0.000010310,0.000010300,0.000010309,93982,0.968946636,-0.000000155,-1.486%,18060512,188.62804
22:54,0.000010310,0.000010290,0.000010299,150468,1.549761891,-0.000000148,-1.412%,15192539,158.61699
22:55,0.000010300,0.000010280,0.000010285,637788,6.562451839,-0.000000165,-1.578%,12487397,130.33192
22:56,0.000010290,0.000010280,0.000010287,90800,0.934232056,-0.000000171,-1.633%,9792978,102.07567
22:57,0.000010280,0.000010270,0.000010278,495774,5.096457005,-0.000000179,-1.713%,8591456,89.49631
22:58,0.000010290,0.000010290,0.000010290,406516,4.183049679,-0.000000151,-1.443%,8634701,89.85967
22:59,0.000010290,0.000010290,0.000010290,21084,0.216954365,-0.000000144,-1.38%,8296779,86.26899
23:00,0.000010300,0.000010300,0.000010300,728651,7.505105019,-0.000000138,-1.324%,6870285,71.37823
23:01,0.000010320,0.000010290,0.000010314,5695142,58.727424622,-0.000000109,-1.042%,5590336,57.9067
23:02,0.000010330,0.000010320,0.000010327,2185512,22.569852829,-0.000000091,-0.875%,11112079,114.82713
23:03,0.000010330,0.000010320,0.000010323,467036,4.819899559,-0.000000085,-0.82%,12540339,129.50403
23:04,0.000010330,0.000010320,0.000010322,418497,4.319128990,-0.000000079,-0.758%,12374753,127.739334
23:05,0.000010320,0.000010320,0.000010320,473300,4.884456158,-0.000000098,-0.943%,12659129,130.66336
23:06,0.000010320,0.000010310,0.000010318,422312,4.357770443,-0.000000102,-0.983%,12262939,126.48944
23:07,0.000010320,0.000010310,0.000010317,249186,2.571208239,-0.000000103,-0.986%,12389328,127.76353
23:08,0.000010320,0.000010310,0.000010315,735318,7.581507206,0.000000006,+0.055%,12536048,129.26671
23:09,0.000010320,0.000010310,0.000010315,5535398,57.092182159,0.000000016,+0.155%,13177384,135.87927
23:10,0.000010320,0.000010300,0.000010309,5412356,55.825477600,0.000000024,+0.232%,18562314,191.42168
23:11,0.000010310,0.000010300,0.000010303,127204,1.311001778,0.000000016,+0.157%,23336882,240.6847
23:12,0.000010310,0.000010300,0.000010307,190983,1.968861938,0.000000028,+0.275%,23373286,241.06146
23:13,0.000010310,0.000010290,0.000010301,7703038,79.348823547,0.000000011,+0.106%,23068495,237.93388
23:14,0.000010300,0.000010290,0.000010293,7615695,78.407691956,0.000000003,+0.032%,30365017,313.09967
23:15,0.000010300,0.000010290,0.000010298,677856,6.981294632,-0.000000002,-0.019%,37959628,391.2904
23:16,0.000010310,0.000010290,0.000010302,2248710,23.162677765,-0.000000012,-0.117%,37908833,390.76657
23:17,0.000010310,0.000010310,0.000010310,717186,7.394187450,-0.000000017,-0.162%,34462401,355.20184
23:18,0.000010310,0.000010300,0.000010308,5534081,57.051437378,-0.000000015,-0.15%,32994075,340.02618
23:19,0.000010320,0.000010300,0.000010314,4572431,47.149188995,-0.000000008,-0.074%,38061120,392.2577
23:20,0.000010310,0.000010300,0.000010306,4644058,47.867027283,-0.000000014,-0.133%,42215054,435.0878
23:21,0.000010320,0.000010300,0.000010316,13149056,135.679214478,-0.000000002,-0.018%,46385812,478.07037
23:22,0.000010320,0.000010310,0.000010318,4302597,44.386833191,0.000000000,+0.003%,59112556,609.3918
23:23,0.000010310,0.000010310,0.000010310,2460257,25.365249634,-0.000000005,-0.048%,63165967,651.20746
23:24,0.000010320,0.000010310,0.000010313,3199666,32.989818573,-0.000000002,-0.023%,64890906,668.99115
23:25,0.000010320,0.000010300,0.000010308,5530763,57.001125336,-0.000000000,-0.004%,62555174,644.8888
23:26,0.000010300,0.000010290,0.000010297,310299,3.195054531,-0.000000006,-0.06%,62673581,646.0644
23:27,0.000010310,0.000010300,0.000010306,2185606,22.526674271,-0.000000001,-0.008%,62856676,647.9485
23:28,0.000010330,0.000010310,0.000010322,21952394,226.589996338,0.000000021,+0.2%,64851299,668.5063
23:29,0.000010330,0.000010300,0.000010314,6063769,62.532741547,0.000000021,+0.199%,79100655,815.74744
23:30,0.000010320,0.000010310,0.000010318,7206292,74.321388245,0.000000020,+0.194%,77548729,799.8725
23:31,0.000010330,0.000010310,0.000010324,23429205,241.756286621,0.000000022,+0.213%,84077165,867.2126
23:32,0.000010340,0.000010330,0.000010338,31442680,324.916503906,0.000000028,+0.267%,105257660,1085.8062
23:33,0.000010350,0.000010330,0.000010343,12448496,128.666061401,0.000000035,+0.34%,135983154,1403.3286
23:34,0.000010340,0.000010330,0.000010338,2786793,28.814689636,0.000000023,+0.224%,142897569,1474.9431
23:35,0.000010340,0.000010340,0.000010340,3724937,38.515846252,0.000000034,+0.327%,141111931,1456.6086
23:36,0.000010340,0.000010330,0.000010338,3598215,37.205291748,0.000000022,+0.209%,140192810,1447.2574
23:37,0.000010340,0.000010340,0.000010340,855087,8.841599464,0.000000022,+0.215%,130641969,1348.7837
23:38,0.000010340,0.000010340,0.000010340,1812864,18.745014191,0.000000030,+0.291%,127194459,1313.2383
23:39,0.000010340,0.000010330,0.000010339,7402187,76.538040161,0.000000026,+0.254%,126547066,1306.618
23:40,0.000010340,0.000010330,0.000010338,1072122,11.084981918,0.000000030,+0.29%,130749587,1350.1663
23:41,0.000010350,0.000010310,0.000010332,28296991,292.196105957,0.000000036,+0.346%,126290946,1304.2502
23:42,0.000010340,0.000010320,0.000010330,3345352,34.572517395,0.000000024,+0.234%,154277638,1593.2512
23:43,0.000010340,0.000010330,0.000010337,3732886,38.562458038,0.000000016,+0.151%,155437384,1605.2971
23:44,0.000010340,0.000010330,0.000010339,5226980,54.044528961,0.000000026,+0.247%,137217876,1417.2695
23:45,0.000010330,0.000010330,0.000010330,2977298,30.755489349,0.000000012,+0.116%,136381087,1408.7814
23:46,0.000010330,0.000010330,0.000010330,342463,3.537642956,0.000000006,+0.061%,132152093,1365.2155
23:47,0.000010330,0.000010330,0.000010330,808785,8.354748726,-0.000000008,-0.073%,109065351,1126.9967
23:48,0.000010340,0.000010320,0.000010330,6834372,70.593048096,-0.000000013,-0.124%,78431456,810.435
23:49,0.000010340,0.000010340,0.000010340,4592,0.047481276,0.000000002,+0.024%,72817332,752.36206
23:50,0.000010320,0.000010310,0.000010316,2064577,21.305986404,-0.000000024,-0.232%,70035131,723.59485
23:51,0.000010330,0.000010330,0.000010330,10540636,108.884773254,-0.000000008,-0.077%,68374771,706.38495
23:52,0.000010340,0.000010330,0.000010334,773062,7.987722397,-0.000000006,-0.055%,75317192,778.0644
23:53,0.000010330,0.000010330,0.000010330,635282,6.562463284,-0.000000010,-0.097%,75235167,777.2106
23:54,0.000010340,0.000010330,0.000010335,4335090,44.804164886,-0.000000004,-0.039%,74057585,765.0279
23:55,0.000010340,0.000010330,0.000010337,1302602,13.465948105,-0.000000001,-0.013%,70990488,733.29407
23:56,0.000010330,0.000010330,0.000010330,991518,10.242381096,-0.000000002,-0.022%,71220968,735.67505
23:57,0.000010340,0.000010310,0.000010323,20006805,206.524261475,-0.000000007,-0.07%,43915495,453.72134
23:58,0.000010340,0.000010310,0.000010321,21119923,217.833221436,-0.000000017,-0.16%,60576948,625.6731
23:59,0.000010330,0.000010330,0.000010330,7156802,73.929763794,-0.000000009,-0.091%,77963985,804.94385
